{"batch_loss": 1.1402921676635742, "batch_iou": 0.5647999048233032, "learning_rate": 0.00013124719094030727, "_timestamp": 1742751244.7371461, "_runtime": 435.59460711479187, "_step": 19, "epoch": 4, "train_loss": 1.185032535482336, "train_iou": 0.5831978420416514, "val_loss": 0.7114031712214152, "val_iou": 0.6066816846529642}