{"batch_loss": 1.1311681270599365, "batch_iou": 0.5675563812255859, "learning_rate": 0.0001005, "_timestamp": 1742751249.1057432, "_runtime": 439.9632041454315, "_step": 20, "epoch": 4, "train_loss": 1.185032535482336, "train_iou": 0.5831978420416514, "val_loss": 0.7114031712214152, "val_iou": 0.6066816846529642}