{"batch_loss": 1.1402921676635742, "batch_iou": 0.5647999048233032, "learning_rate": 0.00013124719094030727, "_timestamp": 1742751188.334815, "_runtime": 379.19227600097656, "_step": 18, "epoch": 3, "train_loss": 1.2653212635605424, "train_iou": 0.5653597580062019, "val_loss": 0.7412722408771515, "val_iou": 0.5827448864777883}