{"batch_loss": 0.7953483462333679, "batch_iou": 0.1072014719247818, "learning_rate": 8e-05, "_timestamp": 1742826157.136765, "_runtime": 201.35755395889282, "_step": 6, "_wandb": {"runtime": 226}}