{"batch_loss": 1.763401746749878, "batch_iou": 0.5260944962501526, "learning_rate": 2.5656460016843668e-05, "_timestamp": 1742753783.7197561, "_runtime": 1975.9670021533966, "_step": 52, "epoch": 16, "train_loss": 1.7390334045185762, "train_iou": 0.54853354306782, "val_loss": 0.9692363142967224, "val_iou": 0.5610388815402985, "_wandb": {"runtime": 1998}}