{"epoch": 0, "train_loss": -0.6767751231598549, "train_iou": 0.24855655737412283, "val_loss": -0.6573212284308213, "val_iou": 0.2892765590013602, "_timestamp": 1742842612.8151832, "_runtime": 1348.3387701511383, "_step": 0, "_wandb": {"runtime": 1347}}