{"train/dice_loss": 0.07947184698922294, "train/iou_score": 0.9706796050071715, "val/dice_loss": 0.07360848784446716, "val/iou_score": 0.9723722785711288, "learning_rate": 8e-05, "_timestamp": 1742848210.07374, "_runtime": 4716.463123083115, "_step": 6}