{"batch_loss": 0.5163589119911194, "batch_iou": 0.7095485925674438, "learning_rate": 0.0001421566438849741, "_timestamp": 1742765795.274249, "_runtime": 11962.336484193802, "_step": 400, "epoch": 99, "train_loss": 0.5148263308737013, "train_iou": 0.7205103525408992, "val_loss": 0.3398411422967911, "val_iou": 0.7299767633279165, "test_loss": 0.38347581028938293, "test_iou": 0.6724610229333242, "_wandb": {"runtime": 11961}}