{"batch_loss": 0.8122510313987732, "batch_iou": 0.10007844120264053, "learning_rate": 8e-05, "_timestamp": 1742825896.974803, "_runtime": 213.08319187164307, "_step": 1, "_wandb": {"runtime": 231}}